{
  "dataset_peaks.csv": {
    "m_base": 2.8788691628093956,
    "m_ref": 1.7782388693676376,
    "C_ref": 13,
    "reference_expression": "public-validation-reference"
  }
}
