{
  "dataset_ripple.csv": {
    "m_base": 1.504292994114016,
    "m_ref": 2.6872290937155053e-18,
    "C_ref": 11,
    "reference_expression": "public-validation-reference"
  }
}
