{
  "baseline_hit_rate": 0.05106634459955331,
  "individual_rates": [
    0.02847994457668668,
    0.14429368128759631,
    0.004335761884862836,
    0.027155990649067402
  ],
  "num_datasets": 4
}


